Name,Image,Offers,URL,Currency
Brelok Piesek Mops Buldog Izzy Pupilki TY - 9cm,https://www.pluszaki.com/images/ty/43104mini.jpg,"

19,99złPLN",https://www.pluszaki.com/Brelok_Piesek_Mops_Buldog_Izzy_Pupilki_TY___9cm_c0_p18539.html,PLN
Pies Buldog - 20cm,https://www.pluszaki.com/images/dubi/18784mini.jpg,"

26,50złPLN",https://www.pluszaki.com/Pies_Buldog___20cm_c0_p9517.html,PLN
Pies Buldog 2 kolory (Głos) - 20cm,https://www.pluszaki.com/images/sunday/p2488mini.jpg,"

19,99złPLN",https://www.pluszaki.com/Pies_Buldog_2_kolory__Glos____20cm_c0_p10854.html,PLN
Pies Buldog Brązowy - 45cm,https://www.pluszaki.com/images/sunday/p2490braz_mini.jpg,"

39,99złPLN",https://www.pluszaki.com/Pies_Buldog_Brazowy___45cm_c0_p5284.html,PLN
Pies Buldog Brązowy / Szary (Głos) - 27cm,https://www.pluszaki.com/images/sunday/p2489mini.jpg,"

28,50złPLN",https://www.pluszaki.com/Pies_Buldog_Brazowy___Szary__Glos____27cm_c0_p10553.html,PLN
Pies buldog francuski Portia Pupilki TY - 15cm,https://www.pluszaki.com/images/ty/36274mini.jpg,"

29,99złPLN",https://www.pluszaki.com/Pies_buldog_francuski_Portia_Pupilki_TY___15cm_c0_p13394.html,PLN
Pies buldog francuski ze smyczą - 23cm,https://www.pluszaki.com/images/roxi/18996mini.jpg,"

105,00złPLN",https://www.pluszaki.com/Pies_buldog_francuski_ze_smycza___23cm_c0_p12417.html,PLN
Pies Buldog Mini - 12cm,https://www.pluszaki.com/images/roxi/183771buldog_mini.jpg,"

47,99złPLN",https://www.pluszaki.com/Pies_Buldog_Mini___12cm_c0_p8214.html,PLN
Pies Buldog Szary - 45cm,https://www.pluszaki.com/images/sunday/p2490szary_mini.jpg,"

39,99złPLN",https://www.pluszaki.com/Pies_Buldog_Szary___45cm_c0_p5283.html,PLN
Pies husky / mops buldog / czarny bernardyn ze smyczą - 22cm,https://www.pluszaki.com/images/roxi/19047mini.jpg,"

44,99złPLN",https://www.pluszaki.com/Pies_husky___mops_buldog___czarny_bernardyn_ze_smycza___22cm_c0_p16366.html,PLN
Pies Leżący Buldog 2 kolory - 25cm,https://www.pluszaki.com/images/sunday/p0121mini.jpg,"

24,99złPLN",https://www.pluszaki.com/Pies_Lezacy_Buldog_2_kolory___25cm_c0_p10529.html,PLN
Pies mops buldog - 20cm,https://www.pluszaki.com/images/beppe/13472mini.jpg,"

59,99złPLN",https://www.pluszaki.com/Pies_mops_buldog___20cm_c0_p16178.html,PLN
Pies mops buldog ze smyczą - 26cm,https://www.pluszaki.com/images/roxi/18709mini.jpg,"

91,99złPLN",https://www.pluszaki.com/Pies_mops_buldog_ze_smycza___26cm_c0_p14520.html,PLN
Piesek Buldog 2 kolory (Głos) - 28cm,https://www.pluszaki.com/images/sunday/p2978mini.jpg,"

29,99złPLN",https://www.pluszaki.com/Piesek_Buldog_2_kolory__Glos____28cm_c0_p17719.html,PLN
Piesek Buldog Francuski Mops - 30cm,https://www.pluszaki.com/images/rappa/357204mini.jpg,"

92,99złPLN",https://www.pluszaki.com/Piesek_Buldog_Francuski_Mops___30cm_c0_p18085.html,PLN
Piesek Buldog Francuski na smyczy Boston Terrier - 23cm,https://www.pluszaki.com/images/rappa/204416mini.jpg,"

84,99złPLN",https://www.pluszaki.com/Piesek_Buldog_Francuski_na_smyczy_Boston_Terrier___23cm_c0_p18226.html,PLN
Piesek Buldog Francuski Stojący - 31cm,https://www.pluszaki.com/images/roxi/19149mini.jpg,"

115,00złPLN",https://www.pluszaki.com/Piesek_Buldog_Francuski_Stojacy___31cm_c0_p18348.html,PLN
Piesek Buldog francuski ze smyczą - 23cm,https://www.pluszaki.com/images/roxi/19133mini.jpg,"

89,99złPLN",https://www.pluszaki.com/Piesek_Buldog_francuski_ze_smycza___23cm_c0_p17350.html,PLN
Piesek buldog Houghie Pupilki TY - 15cm,https://www.pluszaki.com/images/ty/40175mini.jpg,"

29,99złPLN",https://www.pluszaki.com/Piesek_buldog_Houghie_Pupilki_TY___15cm_c0_p15615.html,PLN
Piesek Buldog Siedzący Bulldog - 26cm,https://www.pluszaki.com/images/rappa/844148mini.jpg,"

59,99złPLN",https://www.pluszaki.com/Piesek_Buldog_Siedzacy_Bulldog___26cm_c0_p18343.html,PLN
Piesek Bulldog Buldog - 30cm,https://www.pluszaki.com/images/dubi/10120mini.jpg,"

79,99złPLN",https://www.pluszaki.com/Piesek_Bulldog_Buldog___30cm_c0_p17206.html,PLN
Piesek Mops Buldog / Husky / Czarny bernardyn berneński - 21cm,https://www.pluszaki.com/images/roxi/19042mini.jpg,"

59,99złPLN",https://www.pluszaki.com/Piesek_Mops_Buldog___Husky___Czarny_bernardyn_bernenski___21cm_c0_p17596.html,PLN
Piesek Mops Buldog w ubranku czapce owieczki - 20cm,https://www.pluszaki.com/images/fokolandia/m115mini.jpg,"

27,99złPLN",https://www.pluszaki.com/Piesek_Mops_Buldog_w_ubranku_czapce_owieczki___20cm_c0_p17586.html,PLN
Piesek Mops Buldog w ubranku czapce żyrafy - 20cm,https://www.pluszaki.com/images/fokolandia/m116mini.jpg,"

27,99złPLN",https://www.pluszaki.com/Piesek_Mops_Buldog_w_ubranku_czapce_zyrafy___20cm_c0_p17587.html,PLN
Torebka Pies Buldog - 30cm,https://www.pluszaki.com/images/sunday/t0723mini.jpg,"

24,99złPLN",https://www.pluszaki.com/Torebka_Pies_Buldog___30cm_c0_p6815.html,PLN
